keys,en,ru,ja,es,de,fr,pt,it,tr,zh,pl,ko
ITEM_NAME_PLASTIC_CUP,Plastic cup,Пластиковый стаканчик,プラスチックカップ,Vaso de plástico,Plastikbecher,Tasse en plastique,Copo de plástico,Bicchiere di plastica,Plastik bardak,塑料杯,Plastikowy kubek,플라스틱 컵
ITEM_NAME_PLASTIC_CUP_WATER,Water (plastic cup),Вода (пластиковый стаканчик),水（プラスチックカップ）,Agua (vaso de plástico),Wasser (Plastikbecher),Eau (tasse en plastique),Água (copo de plástico),Acqua (bicchiere di plastica),Su (plastik bardak),水（塑料杯）,Woda (plastikowy kubek),물(플라스틱컵)
ITEM_NAME_PLASTIC_CUP_TEA,Tea (plastic cup),Чай (пластиковый стаканчик),紅茶（プラスチックカップ）,Té (vaso de plástico),Tee (Plastikbecher),Thé (tasse en plastique),Chá (copo de plástico),Tè (bicchiere di plastica),Çay (plastik bardak),茶（塑料杯）,Herbata (plastikowy kubek),차(플라스틱 컵)
ITEM_NAME_PLASTIC_CUP_MILK,Milk (plastic cup),Молоко (пластиковый стаканчик),牛乳（プラスチックカップ）,Leche (vaso de plástico),Milch (Plastikbecher),Lait (tasse en plastique),Leite (copo de plástico),Latte (bicchiere di plastica),Süt (plastik bardak),牛奶（塑料杯）,Mleko (plastikowy kubek),우유(플라스틱컵)
ITEM_NAME_PLASTIC_CUP_COFFEE,Coffee (plastic cup),Кофе (пластиковый стаканчик),コーヒー （プラスチックカップ）,Café (vaso de plástico),Kaffee (Plastikbecher),Café (tasse en plastique),Café (copo de plástico),Caffè (bicchiere di plastica),Kahve (plastik bardak),咖啡（塑料杯）,Kawa (plastikowy kubek),커피(플라스틱컵)
ITEM_NAME_PLASTIC_CUP_APPLE_JUICE,Apple juice (plastic cup),Яблочный сок (пластиковый стаканчик),林檎ジュース（プラスチックカップ）,Zumo de manzana (vaso de plástico),Apfelsaft (Plastikbecher),Jus de pomme (tasse en plastique),Suco de maçã (copo de plástico),Succo di mela (bicchiere di plastica),Elma suyu (plastik bardak),苹果汁（塑料杯）,Sok jabłkowy (plastikowy kubek),사과주스(플라스틱컵)
ITEM_NAME_TEABAG,Teabag,Чайный пакетик,茶袋,Bolsita de té,Teebeutel,Sachet de thé,Chá em saquinho,Bustina di tè,Çay poşeti,袋泡茶,Herbata w torebce,티백
ITEM_NAME_MILK,Milk,Молоко,牛乳,Leche,Milch,Lait,Leite,Latte,Süt,牛奶,Mleko,우유
ITEM_NAME_BLUE_PEN,Blue pen,Синяя ручка,青ペン,Bolígrafo azul,Blauer Stift,Stylo bleu,Caneta azul,Penna blu,Mavi kalem,蓝笔,Niebieski długopis,파란색 펜
ITEM_NAME_CUP,Cup,Кружка,カップ,Taza,Tasse,Tasse,Xícara,Tazza,Bardak,杯子,Filiżanka,컵
ITEM_NAME_BLACK_SHIRT,Black shirt,Черная рубашка,黒のシャツ,Camisa negra,Schwarzes Hemd,Chemise noire,Camisa preta,Camicia nera,Siyah gömlek,黑色衬衫,Czarna koszula,검은색 셔츠
ITEM_NAME_GREY_SHIRT,Grey shirt,Серая рубашка,グレーのシャツ,Camisa gris,Graues Hemd,Chemise grise,Camisa cinza,Camicia grigia,Gri gömlek,灰色衬衫,Szara koszula,회색 셔츠
ITEM_NAME_PINK_SHIRT,Pink shirt,Розовая рубашка,ピンクのシャツ,Camisa rosa,Rosa Hemd,Chemise rose,Camisa rosa,Maglia rosa,Pembe gömlek,粉色衬衫,Różowa koszula,핑크 셔츠
ITEM_NAME_CREAM_SHIRT,Cream shirt,Кремовая рубашка,クリーム色のシャツ,Camisa crema,Cremefarbenes Hemd,Chemise crème,Camisa creme,Camicia color crema,Krem gömlek,奶油色衬衫,Koszula kremowa,크림 셔츠
ITEM_NAME_BLUE_SHIRT,Blue shirt,Синяя рубашка,青いシャツ,Camisa azul,Blaues Hemd,Chemise bleue,Camisa azul,Camicia blu,Mavi gömlek,蓝色衬衫,Niebieska koszula,파란색 셔츠
ITEM_NAME_WHITE_SHIRT,White shirt,Белая рубашка,白シャツ,Camisa blanca,Weißes Hemd,Chemise blanche,Camisola branca,Camicia bianca,Beyaz gömlek,白衬衫,Biała koszula,흰색 셔츠
ITEM_NAME_WHITE_TSHIRT,White T-shirt,Белая футболка,白いTシャツ,Camiseta blanca,Weißes T-Shirt,T-shirt blanc,Camiseta branca,Maglietta bianca,Beyaz tişört,白色T恤,Biała koszulka,흰색 티셔츠
ITEM_NAME_BLACK_JACKET,Black jacket,Чёрный пиджак,黒ジャケット,Chaqueta negra,Schwarze Jacke,Veste noire,Jaqueta preta,Giacca nera,Siyah ceket,黑色夹克,Czarna kurtka,블랙 재킷
ITEM_NAME_GREY_JACKET,Grey jacket,Серый пиджак,グレーのジャケット,Chaqueta gris,Graue Jacke,Veste grise,Jaqueta cinza,Giacca grigia,Gri ceket,灰色夹克,Kurtka szara,그레이 재킷
ITEM_NAME_BROWN_JACKET,Brown jacket,Коричневый пиджак,茶色のジャケット,Chaqueta marrón,Braune Jacke,Veste marron,Jaqueta marrom,giacca marrone,Kahverengi ceket,棕色夹克,Brązowa kurtka,브라운 재킷
ITEM_NAME_CREAM_JACKET,Cream jacket,Кремовый пиджак,クリームジャケット,Chaqueta crema,Cremefarbene Jacke,Veste crème,Jaqueta creme,Giacca color crema,Krem rengi ceket,奶油色夹克,Kremowa kurtka,크림 재킷
ITEM_NAME_NAVY_JACKET,Navy jacket,Тёмно-синий пиджак,ネイビージャケット,Chaqueta azul marino,Marineblaue Jacke,Veste marine,Jaqueta Marinha,Giacca blu navy,Lacivert ceket,海军夹克,Kurtka granatowa,네이비 재킷
ITEM_NAME_BLACK_TROUSERS,Black trousers,Чёрные брюки,黒ズボン,Pantalón negro,Schwarze Hose,Pantalon noir,Calças pretas,Pantaloni neri,Siyah pantolon,黑色长裤,Czarne spodnie,검은색 바지
ITEM_NAME_GREY_TROUSERS,Grey trousers,Серые брюки,グレーのズボン,Pantalón gris,Graue Hose,Pantalon gris,Calça cinza,Pantaloni grigi,Gri pantolon,灰色长裤,Szare spodnie,회색 바지
ITEM_NAME_BROWN_TROUSERS,Brown trousers,Коричневые брюки,茶色のズボン,Pantalón marrón,Braune Hose,Pantalon marron,Calças marrons,pantaloni marroni,Kahverengi pantolon,棕色长裤,Brązowe spodnie,갈색 바지
ITEM_NAME_CREAM_TROUSERS,Cream trousers,Кремовые брюки,クリーム色のパンツ,Pantalón crema,Cremefarbene Hose,Pantalon crème,Calças creme,Pantaloni color crema,Krem pantolon,奶油色长裤,Spodnie w kolorze kremowym,크림색 바지
ITEM_NAME_NAVY_TROUSERS,Navy trousers,Тёмно-синие брюки,ネイビーのパンツ,Pantalones azul marino,Marineblaue Hose,Pantalon bleu marine,Calças azul-marinho,Pantaloni blu scuro,Lacivert pantolon,海军蓝长裤,Spodnie granatowe,네이비 바지
ITEM_NAME_BLUE_JEANS,Blue jeans,Синие джинсы,ブルージーンズ,vaqueros azules,Blaue Jeans,Jean bleu,Calça jeans,Jeans blu,Mavi kot pantolon,蓝色牛仔裤,Niebieskie dżinsy,청바지
ITEM_NAME_BURGUNDY_SHOES,Burgundy shoes,Бордовые туфли,バーガンディの靴,Zapatos burdeos,Burgunderrote Schuhe,Chaussures bordeaux,Sapatos Borgonha,Scarpe bordeaux,Bordo ayakkabı,酒红色鞋子,Burgundowe buty,부르고뉴 신발
ITEM_NAME_BROWN_SHOES,Brown shoes,Коричневые туфли,茶色の靴,Zapatos marrones,Braune Schuhe,Chaussures marron,Sapatos marrons,Scarpe marroni,Kahverengi ayakkabılar,棕色鞋子,Brązowe buty,갈색 신발
ITEM_NAME_BLACK_SHOES,Black shoes,Чёрные туфли,黒い靴,Zapatos negros,Schwarze Schuhe,Chaussures noires,Sapatos pretos,Scarpe nere,Siyah ayakkabılar,黑鞋,Czarne buty,검은색 신발
ITEM_NAME_WHITE_TRAINERS,White trainers,Белые кроссовки,白いトレーナー,Zapatillas blancas,Weiße Turnschuhe,Baskets blanches,Tênis brancos,Scarpe da ginnastica bianche,Beyaz spor ayakkabı,白色运动鞋,Białe tenisówki,화이트 스니커즈
ITEM_NAME_BAG,Bag,Сумка,鞄,Bolsa,Tasche,Sac,Saco,Borsa,Çanta,包,Torba,가방
SUFFIX_ML,ml,мл,ｍｌ,ml,ml,ml,ml,ml,ml,毫升,ml,ml
SMALL,Small,Маленькое,小,Pequeño,Klein,Petit,Pequeno,Piccolo,Küçük,小的,Mały,작은
MEDIUM,Medium,Среднее,中,Mediano,Mittel,Moyen,Médio,Medio,Orta,中等的,Średni,중간
LARGE,Large,Большое,大,Grande,Groß,Grand,Grande,Grande,Büyük,大的,Duży,크기가 큰
BATTLE_BOUNTY_NAME,'s,,,,,,,,,,,
BATTLE_BOUNTY_NONE, bounty is not active.,,,,,,,,,,,
BATTLE_BOUNTY_NEXT, bounty will be active next turn.,,,,,,,,,,,
BATTLE_BOUNTY_CUR, bounty is active. Turns: <val0>/<val1>,,,,,,,,,,,
BATTLE_BOUNTY_SECURED, bounty is secured. ,,,,,,,,,,,
BATTLE_TOOLTIP_BASIC_LOAD,Increases the load of selected CPU by <val0>.,Увеличивает загрузку выбранного процессора противника на <val0>.,対戦相手の選択したCPUの負荷を<val0>増加します。,Aumenta la carga de la CPU seleccionada del oponente en <val0>.,Erhöht die Belastung der ausgewählten CPU des Gegners um <val0>.,Augmente la charge du CPU sélectionné de l'adversaire de <val0>.,Aumenta a carga da CPU selecionada do oponente em <val0>.,Aumenta il carico della CPU selezionata dall'avversario di <val0>.,Rakibin seçili CPU'sunun yükünü <val0> kadar artırır.,将对手选定的 CPU 的负载增加 <val0>。,Zwiększa obciążenie wybranego procesora przeciwnika o <val0>.,상대방이 선택한 CPU의 부하를 <val0>만큼 증가시킵니다.
BATTLE_TOOLTIP_GEN_LOAD,Increases the load of selected CPU by <val0>. Generates <val1> every turn.,Увеличивает загрузку выбранного процессора противника на <val0>.,対戦相手の選択したCPUの負荷を<val0>増加します。,Aumenta la carga de la CPU seleccionada del oponente en <val0>.,Erhöht die Belastung der ausgewählten CPU des Gegners um <val0>.,Augmente la charge du CPU sélectionné de l'adversaire de <val0>.,Aumenta a carga da CPU selecionada do oponente em <val0>.,Aumenta il carico della CPU selezionata dall'avversario di <val0>.,Rakibin seçili CPU'sunun yükünü <val0> kadar artırır.,将对手选定的 CPU 的负载增加 <val0>。,Zwiększa obciążenie wybranego procesora przeciwnika o <val0>.,상대방이 선택한 CPU의 부하를 <val0>만큼 증가시킵니다.
BATTLE_TOOLTIP_MULTI_LOAD,Increases the load of every CPU by <val0>.,Увеличивает загрузку каждого процессора противника на <val0>.,対戦相手のCPU負荷を<val0>増加させます。,Aumenta la carga de cada CPU del oponente en <val0>.,Erhöht die Belastung aller CPUs des Gegners um <val0>.,Augmente la charge de chaque CPU de l'adversaire de <val0>.,Aumenta a carga de cada CPU do oponente em <val0>.,Aumenta il carico di ogni CPU dell'avversario di <val0>.,Rakibin her CPU'sunun yükünü <val0> kadar artırır.,将对手每个 CPU 的负载增加 <val0>。,Zwiększa obciążenie każdego procesora przeciwnika o <val0>.,상대방의 모든 CPU 부하를 <val0>만큼 증가시킵니다.
BATTLE_TOOLTIP_GAIN,Increases the load of selected CPU by <val0>. Every turn increases the load by <val1> until <val2> and decreases stop price by <val3> until <val4>.,Увеличивает нагрузку на выбранный процессор противника на <val0>. Каждый ход нагрузка увеличивается на <val1> до <val2> и уменьшается стоп-цена на <val3> до <val4>.,対戦相手の選択したCPUの負荷を<val0>増加させます。毎ターン、負荷は<val1>ずつ増加し、<val2>まで増加します。また、ストップ価格は<val3>ずつ減少し、<val4>まで減少します。,Aumenta la carga de la CPU seleccionada por el oponente en <val0>. Cada turno aumenta la carga en <val1> hasta <val2> y disminuye el precio de parada en <val3> hasta <val4>.,Erhöht die Auslastung der vom Gegner ausgewählten CPU um <val0>. Jede Runde erhöht die Auslastung um <val1> bis <val2> und senkt den Stopppreis um <val3> bis <val4>.,"Augmente la charge du processeur sélectionné par l'adversaire de <val0>. À chaque tour, la charge augmente de <val1> jusqu'à <val2> et le prix stop diminue de <val3> jusqu'à <val4>.","Aumenta a carga da CPU selecionada do oponente em <val0>. A cada turno, aumenta a carga em <val1> até <val2> e diminui o preço de parada em <val3> até <val4>.",Aumenta il carico della CPU selezionata dall'avversario di <val0>. Ogni turno aumenta il carico di <val1> fino a <val2> e diminuisce il prezzo di stop di <val3> fino a <val4>.,"Rakibin seçili CPU'sunun yükünü <val0> artırır. Her tur, yükü <val1> artırarak <val2>'ye kadar artırır ve durdurma fiyatını <val3> azaltarak <val4>'e kadar azaltır.",使对手所选 CPU 的负载增加 <val0>。每回合增加 <val1> 的负载，直至 <val2>；同时降低 <val3> 的停止价格，直至 <val4>。,Zwiększa obciążenie wybranego procesora przeciwnika o <val0>. Każda tura zwiększa obciążenie o <val1> do <val2> i zmniejsza cenę zatrzymania o <val3> do <val4>.,"상대방이 선택한 CPU의 부하를 <val0>만큼 증가시킵니다. 매 턴마다 부하가 <val2>까지 <val1>만큼 증가하고, 정지 가격이 <val3>만큼 감소합니다. 정지 가격은 <val4>까지 감소합니다."
BATTLE_TOOLTIP_BIG_LOAD,Increases the load of selected CPU by <val0>. Can consume up to <val1> and increase the load by <val2> for every <val3> consumed.,,,,,,,,,,,
BATTLE_TOOLTIP_COPY_JAM,Increases scripts' copy price by <val0>.,Увеличивает цену копирования скриптов противника на <val0>.,対戦相手のスクリプトのコピー価格を <val0> 増加します。,Aumenta el precio de copia de los scripts del oponente en <val0>.,Erhöht den Kopierpreis der Skripte des Gegners um <val0>.,Augmente le prix de copie des scripts de l'adversaire de <val0>.,Aumenta o preço da cópia dos scripts do oponente em <val0>.,Aumenta il prezzo delle copie degli script dell'avversario di <val0>.,Rakibin senaryolarının kopyalanma fiyatını <val0> kadar artırır.,将对手脚本的复制价格提高<val0>。,Zwiększa cenę kopii skryptów przeciwnika o <val0>.,상대방 스크립트의 복사 가격을 <val0>만큼 증가시킵니다.
BATTLE_TOOLTIP_RUN_JAM,Increases scripts' run price by <val0>.,Увеличивает стоимость выполнения скриптов противника на <val0>.,対戦相手のスクリプトの実行価格を <val0> 増加します。,Aumenta el precio de ejecución de los scripts del oponente en <val0>.,Erhöht den Ausführungspreis der Skripte des Gegners um <val0>.,Augmente le prix d'exécution des scripts de l'adversaire de <val0>.,Aumenta o preço de execução dos scripts do oponente em <val0>.,Aumenta il prezzo di esecuzione degli script dell'avversario di <val0>.,Rakibin senaryolarının çalışma fiyatını <val0> kadar artırır.,将对手脚本的运行价格增加<val0>。,Zwiększa cenę uruchomienia skryptów przeciwnika o <val0>.,상대 스크립트의 실행 가격을 <val0>만큼 증가시킵니다.
BATTLE_TOOLTIP_DEL_JAM,Increases scripts' delete price by <val0>.,,,,,,,,,,,
BATTLE_TOOLTIP_STOP_JAM,Increases scripts' stop price by <val0>.,,,,,,,,,,,
BATTLE_TOOLTIP_COPY_BOOST,Decreases scripts' copy price by <val0>.,,,,,,,,,,,
BATTLE_TOOLTIP_RUN_BOOST,Decreases scripts' run price by <val0>.,,,,,,,,,,,
BATTLE_TOOLTIP_DEL_BOOST,Decreases scripts' delete price by <val0>.,,,,,,,,,,,
BATTLE_TOOLTIP_STOP_BOOST,Decreases scripts' stop price  by <val0>.,,,,,,,,,,,
BATTLE_TOOLTIP_WORM,Transfers <val0> of traffic from selected interface to opponent's selected interface. Maximum speed: <val1> per turn. Every <val1> generates <val2>.,,,,,,,,,,,
BATTLE_TOOLTIP_KILL,Consumes <val0>. Stops script that is currently loading selected CPU the most. Generates <val1>.,,,,,,,,,,,
BATTLE_TOOLTIP_KILL_PRO,"Consumes <val0>. Stops all attacking scripts, that are loading selected CPU. Generates <val1>.",,,,,,,,,,,
BATTLE_TOOLTIP_FULL_RESET,"Consumes <val0>. When the execution is stopped, deletes all scripts from Disk C.",,,,,,,,,,,
BATTLE_TOOLTIP_VM_AWARE,"Consumes <val0>. Increases the load of opponent's selected CPU by <val1>. If run inside vm, instantly breaks it.",,,,,,,,,,,
BATTLE_TOOLTIP_BIG_DATA,Consumes <val0>. Breaks any antivirus running on selected CPU.,,,,,,,,,,,
BATTLE_TOOLTIP_HASH,"When the execution is stopped, generates <val0>.",,,,,,,,,,,
BATTLE_TOOLTIP_MERGE,"Consumes <val0>, <val1>, <val2>. When execution is stopped, generates <val3>.",,,,,,,,,,,
BATTLE_TOOLTIP_APP_GUARD,All scripts loading selected CPU will now have <val0> load.,,,,,,,,,,,
BATTLE_TOOLTIP_APP_POLICY,All scripts loading selected CPU will now have <val0> load.,,,,,,,,,,,
BATTLE_TOOLTIP_BASIC_VM,Creates a virtual machine on selected CPU that will increase the load of that CPU by <val0> but protect it from the upcoming load. Will break after getting <val1> or more of load. Only one per cpu at a time.,"Создаёт виртуальную машину на выбранном процессоре игрока, увеличивая нагрузку на этот процессор на <val0>, но защищая его от предстоящей нагрузки. Работа прекратится при достижении нагрузки <val1> или выше. Невозможно запустить внутри другой виртуальной машины.",プレイヤーが選択したCPU上に仮想マシンを作成します。この仮想マシンはCPU負荷を<val0>増加させますが、その後の負荷からは保護されます。負荷が<val1>以上になると中断されます。他の仮想マシン内では起動できません。,"Crea una máquina virtual en la CPU seleccionada por el jugador que aumentará la carga de dicha CPU en <val0>, pero la protegerá de la carga futura. Se interrumpirá tras alcanzar <val1> o más de carga. No se puede iniciar dentro de otra máquina virtual.","Erstellt eine virtuelle Maschine auf der vom Spieler ausgewählten CPU, die die CPU-Last um <val0> erhöht, sie aber vor der kommenden Belastung schützt. Wird bei einer Auslastung von <val1> oder mehr abgebrochen. Kann nicht innerhalb einer anderen VM gestartet werden.","Crée une machine virtuelle sur le processeur sélectionné par le joueur. Cette machine augmentera la charge de ce processeur de <val0>, tout en la protégeant de la charge à venir. Elle sera interrompue après une charge de <val1> ou plus. Impossible de la lancer dans une autre machine virtuelle.","Cria uma máquina virtual na CPU selecionada pelo jogador que aumentará a carga dessa CPU em <val0>, mas a protegerá da carga futura. Será interrompida após atingir <val1> ou mais de carga. Não é possível iniciar dentro de outra VM.","Crea una macchina virtuale sulla CPU selezionata dal giocatore che aumenterà il carico di quella CPU di <val0>, ma la proteggerà dal carico successivo. Si interromperà dopo aver raggiunto <val1> o più di carico. Non è possibile avviarla da un'altra VM.","Oyuncunun seçili CPU'sunda, o CPU'nun yükünü <val0> artıracak ancak yaklaşan yükten koruyacak sanal bir makine oluşturur. <val1> veya daha fazla yük alındıktan sonra bozulur. Başka bir VM içinde başlatılamaz.",在玩家选定的 CPU 上创建一个虚拟机，该虚拟机会将该 CPU 的负载增加 <val0>，但会保护其免受即将到来的负载影响。当负载达到 <val1> 或更多时，虚拟机会中断。无法在其他虚拟机内启动。,"Tworzy maszynę wirtualną na wybranym przez gracza procesorze, która zwiększy obciążenie tego procesora o <val0>, ale zabezpieczy go przed nadchodzącym obciążeniem. Przestanie działać po osiągnięciu obciążenia <val1> lub większego. Nie można uruchomić maszyny wirtualnej w innej maszynie wirtualnej.","플레이어가 선택한 CPU에 가상 머신을 생성합니다. 이 가상 머신은 해당 CPU의 부하를 <val0>만큼 증가시키지만, 앞으로 발생할 부하로부터 CPU를 보호합니다. <val1> 이상의 부하가 발생하면 작동이 중단됩니다. 다른 VM 내에서는 실행할 수 없습니다."
BATTLE_TOOLTIP_BIG_VM,Creates a virtual machine on selected CPU that will increase the load of that CPU by <val0> but protect it from the upcoming load. Will break after getting <val1> or more of load. Only one per cpu at a time.,,,,,,,,,,,
BATTLE_TOOLTIP_ROOTKIT,Can only run if there is at least one real CPU with over <val0> of load. Gives opponent sudo rights to current PC for the next turn.,,,,,,,,,,,
BATTLE_TOOLTIP_OVERLOAD,Can only run if there is at least one real CPU with over <val0> of load. Next <val1> gain of current PC will go to opponent.,,,,,,,,,,,
BATTLE_TOOLTIP_BASIC_TRAFFIC,Transfers <val0> of traffic from selected interface to opponent's selected interface. Maximum speed: <val1> per turn.,,,,,,,,,,,
BATTLE_TOOLTIP_DDOS,Transfers <val0> of traffic from all interfaces to opponent's selected interface. Maximum speed for each of you interfaces: <val1> per turn.,,,,,,,,,,,
BATTLE_TOOLTIP_UPLOAD,Tranfers a copy of one of selected script as traffic from your selected interface to opponent's selected interface. Each second of script's copy price adds <val0> of traffic. Maximum speed: <val1> per turn,,,,,,,,,,,
BATTLE_TOOLTIP_BACKDOOR,Can only run if there is at least one interface with over <val0> of traffic. Gives opponent sudo rights to current PC for the next turn.,,,,,,,,,,,
BATTLE_TOOLTIP_OVERWHELM,Can only run if there is at least one interface with over <val0> of traffic. Next <val1> gain of current PC will go to opponent.,,,,,,,,,,,
BATTLE_TOOLTIP_PAGESYS,Can only run if there is max amount of scripts in his Disk C. Gives opponent sudo rights to current PC for the next turn.,,,,,,,,,,,
BATTLE_TOOLTIP_OVERFLOW,Can only run if there is max amount of scripts in his Disk C. Next <val0> gain of current PC will go to opponent.,,,,,,,,,,,
BATTLE_TOOLTIP_SANITIZER,"When the execution is stopped, also stops all the other scripts running in the same RAM.",,,,,,,,,,,
BATTLE_ACTION_UNIT,s,с,秒,s,S,s,s,s,s,秒,s,초
BATTLE_NETWORK_UNIT,Gb,,,,,,,,,,,
BATTLE_CPU_UNIT,c,,,,,,,,,,,
BATTLE_TURNS,turns,,,,,,,,,,,
BATTLE_TUTORIAL_HELLO,Hello!,,,,,,,,,,,
BATTLE_TUTORIAL_FISRT_TIME,"So, is this your first time fighting in the digital space?",,,,,,,,,,,
BATTLE_TUTORIAL_DONT_WORRY,"Don't worry, I'm here to teach you everything.",,,,,,,,,,,
BATTLE_TUTORIAL_BASICS,"Let's start with the basics. You of course know what a CPU is, right?",,,,,,,,,,,
BATTLE_TUTORIAL_TALKATIVE,"You're not quite talkative, I figure. I'll explain then.",,,,,,,,,,,
BATTLE_TUTORIAL_CPU,CPU is the heart of any computer. The thing that keeps it running.,,,,,,,,,,,
BATTLE_TUTORIAL_3_CPUS,"You're lucky, since your device has as many as 3.",,,,,,,,,,,
BATTLE_TUTORIAL_ENEMY_CPUS,"Although, I also have 3. Fair and square.",,,,,,,,,,,
BATTLE_TUTORIAL_GOAL,"Your goal is to break all of my CPUs, while I'll try to break all of yours.",,,,,,,,,,,
BATTLE_TUTORIAL_BREAK,To break a CPU you need to load it up to a 100% using your malicious scripts.,,,,,,,,,,,
BATTLE_TUTORIAL_DISK_D,"This is Disk D, a place where all of these scripts are stored.",,,,,,,,,,,
BATTLE_TUTORIAL_ENEMY_DISK_D,"As you might guess, I also have it, however I'm not currently rocking any scripts.",,,,,,,,,,,
BATTLE_TUTORIAL_NO_RUNNING,For security reasons you can't run scripts directly from Disk D. It is used exclusively for storing.,,,,,,,,,,,
BATTLE_TUTORIAL_DISK_C,For running we here are using Disk C. You just copy any script from Disk D to Disk C and run it.,,,,,,,,,,,
BATTLE_TUTORIAL_NOT_SIMPLE,"However, copying and running isn't a simple task for the computer.",,,,,,,,,,,
BATTLE_TUTORIAL_SECONDS,"These actions take time, several seconds. Not much, but you only have 10 to spare per turn.",,,,,,,,,,,
BATTLE_TUTORIAL_PRICE,Scripts take different amount of seconds for different actions. Hover over them to learn more.,,,,,,,,,,,
BATTLE_TUTORIAL_COPY,"By the way, did you know that you can copy scripts both to your and my Disk C?",,,,,,,,,,,
BATTLE_TUTORIAL_DIRECTION,"Scripts with <defend> icon will be copied to your Disk C, and scripts with <attack> — to mine.",,,,,,,,,,,
BATTLE_TUTORIAL_TRY_COPY,Now try to copy a script to my Disk C. Just left click it.,,,,,,,,,,,
BATTLE_TUTORIAL_COPY_RAN_OUT,"What, you ran out of seconds already? Fine, I'll give you more.",,,,,,,,,,,
BATTLE_TUTORIAL_COPY_RAN_OUT2,"Again? This is getting ridiculous. Here you go, don't mess it up this time.",,,,,,,,,,,
BATTLE_TUTORIAL_COPY_RAN_OUT3,"Geez, it's not rocket science. You just need to click the script that has <attack> icon on it.",,,,,,,,,,,
BATTLE_TUTORIAL_COPY_DONE,"Alright, now that you've copied the script to my computer, you need to run it.",,,,,,,,,,,
BATTLE_TUTORIAL_RAM,"When you run the script, it gets added to RAM. A place where all active scripts are.",,,,,,,,,,,
BATTLE_TUTORIAL_SAME_INST,"While the script is running, you cannot run the same instance of it.",,,,,,,,,,,
BATTLE_TUTORIAL_DIFFERENT_INST,"However, you can create copies of scripts endlessly and run different instances of the same script.",,,,,,,,,,,
BATTLE_TUTORIAL_TRY_RUN,"Now run the script that you've copied to my Disk C. Again, just left click it.",,,,,,,,,,,
BATTLE_TUTORIAL_RUN_RAN_OUT,"I honestly hoped you would do it on the first try. Welp, here you go, more seconds.",,,,,,,,,,,
BATTLE_TUTORIAL_RUN_RAN_OUT2,"God, I hate my job. How did you choke again? I won't always be there to save your ass.",,,,,,,,,,,
BATTLE_TUTORIAL_RUN_RAN_OUT3,"Look, I couldn't possibly have made it easier. Just left click the script in my Disk C.",,,,,,,,,,,
BATTLE_TUTORIAL_SELECT,This script requires you to select which CPU to load.,,,,,,,,,,,
BATTLE_TUTORIAL_CHOOSE,"For now it doesn't really matter, just choose any one.",,,,,,,,,,,
BATTLE_TUTORIAL_NOT_ENOUGH,"Great, now you've loaded one of my CPUs a bit. That's not enough to break it sadly.",,,,,,,,,,,
BATTLE_TUTORIAL_END_TURN,But that'll do it for one turn. Press the button to pass the turn to me.,,,,,,,,,,,
BATTLE_TUTORIAL_SKIP,"Since I don't have any scripts, I'll sit this one out. Don't get used to it though.",,,,,,,,,,,
BATTLE_TUTORIAL_NEW_TURN,At the beginning of each turn you'll get all your seconds back.,,,,,,,,,,,
BATTLE_TUTORIAL_BREAK_ALL,"You know the basics, so it's time for you to finish me. Break all my CPUs.",,,,,,,,,,,
PAUSE_MENU_PAUSE,PAUSE,ПАУЗА,一時停止,PAUSA,PAUSE,PAUSE,PAUSA,PAUSA,DURAKLAT,暂停,PAUZA,정지시키다
PAUSE_MENU_CONTINUE,Continue,Продолжить,続く,Continuar,Weitermachen,Continuer,Continuar,Continuare,Devam etmek,继续,Kontynuować,계속하다
PAUSE_MENU_SAVE,Save,Сохранить,保存,Ahorrar,Speichern,Sauvegarder,Salvar,Salva,Kaydetmek,节省,Ratować,구하다
PAUSE_MENU_LOAD,Load,Загрузить,負荷,Carga,Laden,Charger,Carregar,Carico,Yük,加载,Obciążenie,짐
PAUSE_MENU_OPTIONS,Options,Настройки,オプション,Opciones,Optionen,Options,Opções,Opzioni,Seçenekler,选项,Opcje,옵션
PAUSE_MENU_EXIT_MENU,Exit to Menu,Выход в меню,メニューへ戻る,Salir al menú,Zurück zum Menü,Quitter vers le menu,Sair para o menu,Esci al menu,Menüye Çıkış,退出菜单,Wyjście do menu,메뉴로 나가기
PAUSE_MENU_EXIT_DESKTOP,Exit to Desktop,Выход на рабочий стол,デスクトップへ戻る,Salir al escritorio,Zum Desktop zurückkehren,Quitter vers le bureau,Sair para a área de trabalho,Esci al desktop,Masaüstüne Çık,退出到桌面,Wyjście do pulpitu,바탕 화면으로 나가기
OPTIONS_BACK,Back,Назад,戻る,Atrás,Zurück,Dos,Voltar,Indietro,Geri,后退,Z powrotem,뒤쪽에
OPTIONS_DISCARD,Discard,Отменить,破棄,Desechar,Verwerfen,Jeter,Descartar,Scartare,Atmak,丢弃,Wyrzucać,버리다
OPTIONS_APPLY,Apply,Применить,適用する,Aplicar,Anwenden,Appliquer,Aplicar,Fare domanda a,Uygula,申请,Stosować,적용하다
OPTIONS_RESET,Reset,Сбросить,リセット,Reiniciar,Zurücksetzen,Réinitialiser,Reiniciar,Reset,Sıfırla,重置,Nastawić,다시 놓기
OPTIONS_VIDEO,Video,Видео,ビデオ,Video,Video,Vidéo,Vídeo,Video,Video,视频,Wideo,동영상
OPTIONS_AUDIO,Audio,Аудио,オーディオ,Audio,Audio,Audio,Áudio,Audio,Ses,声音的,Audio,오디오
OPTIONS_GAMEPLAY,Gameplay,Геймплей,ゲームプレイ,Jugabilidad,Spielablauf,Gameplay,Jogabilidade,Modalità di gioco,Oyun Oynanışı,游戏玩法,Rozgrywka,게임플레이
OPTIONS_BINDINGS,Key Bindings,Привязки клавиш,キーバインディング,Atajos de teclado,Tastenkombinationen,Raccourcis clavier,Atalhos de teclado,Associazioni di tasti,Anahtar Bağlamaları,按键绑定,Przypisanie klawiszy,키 바인딩
OPTIONS_VIDEO_V_SYNC,V-Sync,Вертикальная синхронизация,垂直同期,Sincronización vertical,Vertikale Synchronisierung,Synchronisation verticale,Sincronização vertical,Sincronizzazione verticale,V-Senkronizasyon,垂直同步,Synchronizacja pionowa,수직 동기화
OPTIONS_VIDEO_V_SYNC_OFF,Off,Выкл,オフ,Apagado,Aus,Désactivé,Desligado,Spento,Kapalı,离开,Wyłączony,끄다
OPTIONS_VIDEO_V_SYNC_ON,On,Вкл,の上,En,An,Sur,Sobre,SU,Açık,在,NA,~에
OPTIONS_VIDEO_V_SYNC_ADAPT,Adapt.,Адапт,適応型,Adaptado,Anpassungsfähig,Adaptatif,Adaptável,Adattabile,Uyarlanabilir,自适应,Adaptacyjny,적응형
OPTIONS_VIDEO_V_SYNC_FAST,Fast,Быстр,速い,Rápido,Schnell,Rapide,Rápido,Veloce,Hızlı,快速地,Szybko,빠른
OPTIONS_VIDEO_VSYNC_DESCRIPTION,Vertical synchronization (V-Sync) is a technology designed to eliminate screen tearing.,"Вертикальная синхронизация — это технология, предназначенная для устранения разрывов изображения на экране.",垂直同期は、画面のティアリングを解消するために設計されたテクノロジーです。,La sincronización vertical es una tecnología diseñada para eliminar el desgarro de la pantalla.,"Die vertikale Synchronisierung ist eine Technologie, die das Screen Tearing verhindern soll.",La synchronisation verticale est une technologie conçue pour éliminer les déchirures d'écran.,A sincronização vertical é uma tecnologia projetada para eliminar telas rasgadas.,La sincronizzazione verticale è una tecnologia progettata per eliminare lo screen tearing.,"Dikey senkronizasyon, ekran yırtılmalarını ortadan kaldırmak için tasarlanmış bir teknolojidir.",垂直同步是一种旨在消除画面撕裂的技术。,Synchronizacja pionowa to technologia mająca na celu wyeliminowanie efektu rozrywania obrazu.,수직 동기화는 화면 찢김 현상을 없애기 위해 고안된 기술입니다.
"OPTIONS_VIDEO_V_SYNC_OFF_DESC",The game can produce more frames per second than the monitor's refresh rate. This may lead to screen tearing when frames are not synchronized with the screen's refresh rate. Suitable for users who prefer maximum performance and are okay with potential artifacts.,"Игра может выдавать больше кадров в секунду, чем частота обновления монитора. Это может привести к разрывам экрана, когда кадры не синхронизированы с частотой обновления экрана. Подходит для пользователей, которые предпочитают максимальную производительность и не против потенциальных артефактов.",このゲームは、モニターのリフレッシュレートよりも多くのフレームレート（1秒あたりのフレーム数）を生成できます。そのため、フレームレートが画面のリフレッシュレートと同期していない場合、ティアリングが発生する可能性があります。最大限のパフォーマンスを望み、アーティファクトの発生を許容できるユーザーに適しています。,El juego puede producir más fotogramas por segundo que la frecuencia de actualización del monitor. Esto puede provocar cortes de imagen cuando los fotogramas no están sincronizados con la frecuencia de actualización. Ideal para usuarios que buscan el máximo rendimiento y no tienen problemas con posibles artefactos.,"Das Spiel kann mehr Bilder pro Sekunde erzeugen als die Bildwiederholfrequenz des Monitors. Dies kann zu Bildrissen führen, wenn die Bilder nicht mit der Bildwiederholfrequenz des Bildschirms synchronisiert sind. Geeignet für Benutzer, die maximale Leistung bevorzugen und mit möglichen Artefakten einverstanden sind.",Le jeu peut produire plus d'images par seconde que la fréquence de rafraîchissement du moniteur. Cela peut entraîner des déchirures d'image lorsque les images ne sont pas synchronisées avec la fréquence de rafraîchissement de l'écran. Convient aux utilisateurs qui privilégient des performances maximales et qui tolèrent les artefacts potentiels.,O jogo pode produzir mais quadros por segundo do que a taxa de atualização do monitor. Isso pode causar tela rasgada quando os quadros não estão sincronizados com a taxa de atualização da tela. Adequado para usuários que preferem desempenho máximo e não se importam com possíveis artefatos.,Il gioco può produrre più fotogrammi al secondo rispetto alla frequenza di aggiornamento del monitor. Questo può causare tearing dello schermo quando i fotogrammi non sono sincronizzati con la frequenza di aggiornamento dello schermo. Adatto agli utenti che preferiscono le massime prestazioni e non hanno problemi con eventuali artefatti.,"Oyun, monitörün yenileme hızından saniyede daha fazla kare üretebilir. Bu, kareler ekranın yenileme hızıyla senkronize olmadığında ekran yırtılmasına yol açabilir. Maksimum performansı tercih eden ve olası eserlerle sorun yaşamayan kullanıcılar için uygundur.",游戏每秒产生的帧数可能高于显示器的刷新率。当帧数与屏幕刷新率不同步时，可能会导致画面撕裂。适合追求极致性能且能接受潜在瑕疵的用户。,"Gra może produkować więcej klatek na sekundę niż częstotliwość odświeżania monitora. Może to prowadzić do rozrywania ekranu, gdy klatki nie są zsynchronizowane z częstotliwością odświeżania ekranu. Nadaje się dla użytkowników, którzy preferują maksymalną wydajność i akceptują potencjalne artefakty.",이 게임은 모니터의 주사율보다 초당 더 많은 프레임을 생성할 수 있습니다. 이로 인해 프레임이 화면 주사율과 동기화되지 않으면 화면 찢어짐 현상이 발생할 수 있습니다. 최대 성능을 선호하고 잠재적인 아티팩트를 감수할 수 있는 사용자에게 적합합니다.
OPTIONS_VIDEO_V_SYNC_ON_DESC,"The number of frames produced by the graphics card is synchronized with the monitor's refresh rate. This eliminates screen tearing but may introduce input lag and reduce performance if the graphics card cannot maintain the monitor's refresh rate. If the frame rate drops below the refresh rate, ""stuttering"" (frame loss) may occur.","Количество кадров, выдаваемых видеокартой, синхронизируется с частотой обновления монитора. Это устраняет разрывы экрана, но может привести к задержке ввода и снижению производительности, если видеокарта не может поддерживать частоту обновления монитора. Если частота кадров падает ниже частоты обновления, может возникнуть «заикание» (потеря кадров).",グラフィックカードが生成するフレーム数は、モニターのリフレッシュレートと同期しています。これによりティアリングは解消されますが、グラフィックカードがモニターのリフレッシュレートを維持できない場合、入力遅延が発生し、パフォーマンスが低下する可能性があります。フレームレートがリフレッシュレートを下回ると、「スタッタリング」（フレームロス）が発生する可能性があります。,"El número de fotogramas producidos por la tarjeta gráfica se sincroniza con la frecuencia de actualización del monitor. Esto elimina el desgarro de la imagen, pero puede provocar retraso de entrada y reducir el rendimiento si la tarjeta gráfica no puede mantener la frecuencia de actualización del monitor. Si la frecuencia de fotogramas cae por debajo de la frecuencia de actualización, puede producirse ""stuttering"" (pérdida de fotogramas).","Die Anzahl der von der Grafikkarte erzeugten Bilder wird mit der Bildwiederholfrequenz des Monitors synchronisiert. Dadurch wird Screen Tearing vermieden, es kann jedoch zu Input-Lags und Leistungseinbußen kommen, wenn die Grafikkarte die Bildwiederholfrequenz des Monitors nicht aufrechterhalten kann. Fällt die Bildwiederholfrequenz unter die Bildwiederholfrequenz, kann es zu Bildruckeln (Bildverlust) kommen.","Le nombre d'images produites par la carte graphique est synchronisé avec la fréquence de rafraîchissement du moniteur. Cela élimine les déchirures d'image, mais peut entraîner un décalage d'entrée et une baisse des performances si la carte graphique ne parvient pas à maintenir la fréquence de rafraîchissement du moniteur. Si la fréquence d'images descend en dessous de cette fréquence, des saccades (pertes d'images) peuvent se produire.","O número de quadros produzidos pela placa de vídeo é sincronizado com a taxa de atualização do monitor. Isso elimina o efeito tearing na tela, mas pode causar atraso de entrada e reduzir o desempenho se a placa de vídeo não conseguir manter a taxa de atualização do monitor. Se a taxa de quadros cair abaixo da taxa de atualização, pode ocorrer ""gagueira"" (perda de quadros).","Il numero di fotogrammi prodotti dalla scheda grafica è sincronizzato con la frequenza di aggiornamento del monitor. Questo elimina il tearing dello schermo, ma può causare un input lag e ridurre le prestazioni se la scheda grafica non riesce a mantenere la frequenza di aggiornamento del monitor. Se la frequenza dei fotogrammi scende al di sotto della frequenza di aggiornamento, potrebbe verificarsi un ""effetto stuttering"" (perdita di fotogrammi).","Grafik kartı tarafından üretilen kare sayısı, monitörün yenileme hızıyla senkronize edilir. Bu, ekran yırtılmasını ortadan kaldırır ancak grafik kartı monitörün yenileme hızını koruyamazsa giriş gecikmesine neden olabilir ve performansı düşürebilir. Kare hızı yenileme hızının altına düşerse, ""kekemelik"" (kare kaybı) meydana gelebilir.",显卡产生的帧数与显示器的刷新率同步。这可以消除画面撕裂，但如果显卡无法维持显示器的刷新率，则可能会造成输入延迟并降低性能。如果帧率低于刷新率，可能会出现“卡顿”（丢帧）。,"Liczba klatek generowanych przez kartę graficzną jest zsynchronizowana z częstotliwością odświeżania monitora. Eliminuje to rozrywanie ekranu, ale może wprowadzić opóźnienie wejściowe i zmniejszyć wydajność, jeśli karta graficzna nie może utrzymać częstotliwości odświeżania monitora. Jeśli częstotliwość klatek spadnie poniżej częstotliwości odświeżania, może wystąpić „zacinanie się” (utrata klatek).","그래픽 카드에서 생성되는 프레임 수는 모니터의 화면 주사율과 동기화됩니다. 이렇게 하면 화면 찢김 현상이 없어지지만, 그래픽 카드가 모니터의 화면 주사율을 유지하지 못할 경우 입력 지연이 발생하고 성능이 저하될 수 있습니다. 프레임 속도가 화면 주사율보다 낮아지면 ""스터터링""(프레임 손실)이 발생할 수 있습니다."
OPTIONS_VIDEO_V_SYNC_ADAPT_DESC,"Enables V-Sync only when the frame rate exceeds the monitor's refresh rate. If the frame rate drops below this threshold, V-Sync is turned off, which helps avoid stuttering and improves control responsiveness. Suitable for games with variable performance, as it helps balance image quality and responsiveness.","Включает V-Sync только тогда, когда частота кадров превышает частоту обновления монитора. Если частота кадров падает ниже этого порога, V-Sync отключается, что помогает избежать заиканий и улучшает отзывчивость управления. Подходит для игр с переменной производительностью, поскольку помогает сбалансировать качество изображения и отзывчивость.",フレームレートがモニターのリフレッシュレートを超えた場合にのみV-Syncを有効にします。フレームレートがこのしきい値を下回るとV-Syncがオフになり、画面のカクツキを抑え、操作応答性を向上させます。画質と応答性のバランスをとることができるため、パフォーマンスが変動するゲームに適しています。,"Activa V-Sync solo cuando la velocidad de fotogramas supera la frecuencia de actualización del monitor. Si la velocidad de fotogramas cae por debajo de este umbral, V-Sync se desactiva, lo que ayuda a evitar el tirones y mejora la respuesta del control. Ideal para juegos con rendimiento variable, ya que ayuda a equilibrar la calidad de imagen y la respuesta.","Aktiviert V-Sync nur, wenn die Bildfrequenz die Bildwiederholfrequenz des Monitors überschreitet. Fällt die Bildfrequenz unter diesen Schwellenwert, wird V-Sync deaktiviert. Dies verhindert Ruckeln und verbessert die Reaktionsfähigkeit der Steuerung. Geeignet für Spiele mit schwankender Leistung, da es hilft, Bildqualität und Reaktionsfähigkeit auszugleichen.","Active la synchronisation verticale uniquement lorsque la fréquence d'images dépasse la fréquence de rafraîchissement du moniteur. Si la fréquence d'images descend en dessous de ce seuil, la synchronisation verticale est désactivée, ce qui permet d'éviter les saccades et d'améliorer la réactivité des commandes. Convient aux jeux aux performances variables, car elle équilibre qualité d'image et réactivité.","Habilita o V-Sync somente quando a taxa de quadros excede a taxa de atualização do monitor. Se a taxa de quadros cair abaixo desse limite, o V-Sync é desativado, o que ajuda a evitar travamentos e melhora a resposta dos controles. Adequado para jogos com desempenho variável, pois ajuda a equilibrar a qualidade da imagem e a resposta.","Abilita la sincronizzazione verticale (V-Sync) solo quando il frame rate supera la frequenza di aggiornamento del monitor. Se il frame rate scende al di sotto di questa soglia, la sincronizzazione verticale (V-Sync) viene disattivata, il che aiuta a evitare scatti e migliora la reattività dei controlli. Adatto a giochi con prestazioni variabili, in quanto aiuta a bilanciare qualità dell'immagine e reattività.","V-Sync'i yalnızca kare hızı monitörün yenileme hızını aştığında etkinleştirir. Kare hızı bu eşiğin altına düşerse, V-Sync kapatılır ve bu da kekemeliği önlemeye yardımcı olur ve kontrol tepkisini iyileştirir. Görüntü kalitesi ve tepkiyi dengelemeye yardımcı olduğu için değişken performansa sahip oyunlar için uygundur.",仅当帧速率超过显示器的刷新率时启用垂直同步。如果帧速率低于此阈值，则垂直同步将关闭，这有助于避免卡顿并提高操控响应速度。它有助于平衡画质和响应速度，适用于性能不稳定的游戏。,"Włącza V-Sync tylko wtedy, gdy liczba klatek na sekundę przekracza częstotliwość odświeżania monitora. Jeśli liczba klatek na sekundę spadnie poniżej tego progu, V-Sync jest wyłączany, co pomaga uniknąć zacinania się i poprawia responsywność sterowania. Nadaje się do gier o zmiennej wydajności, ponieważ pomaga zrównoważyć jakość obrazu i responsywność.",프레임 속도가 모니터의 주사율을 초과할 때만 수직 동기화를 활성화합니다. 프레임 속도가 이 임계값 아래로 떨어지면 수직 동기화가 꺼져 버벅거림을 방지하고 제어 응답성을 향상시킵니다. 이미지 품질과 응답성 간의 균형을 맞추는 데 도움이 되므로 성능이 가변적인 게임에 적합합니다.
OPTIONS_VIDEO_V_SYNC_FAST_DESC,"Allows the graphics card to output more frames than the monitor can display while minimizing screen tearing. This mode works by discarding older frames and displaying only the most recent ones, which helps avoid input lag and enhances responsiveness. However, there may be some artifacts due to frames not being synchronized with the refresh rate.","Позволяет графической карте выводить больше кадров, чем может отобразить монитор, при этом минимизируя разрывы экрана. Этот режим работает, отбрасывая старые кадры и отображая только самые последние, что помогает избежать задержки ввода и повышает отзывчивость. Однако могут быть некоторые артефакты из-за того, что кадры не синхронизированы с частотой обновления.",グラフィックカードがモニターの表示可能フレーム数を超えるフレームを出力しながら、ティアリングを最小限に抑えます。このモードは、古いフレームを破棄し、最新のフレームのみを表示するため、入力遅延を回避し、応答性を向上させます。ただし、フレームがリフレッシュレートと同期していないため、アーティファクトが発生する可能性があります。,"Permite que la tarjeta gráfica genere más fotogramas de los que el monitor puede mostrar, minimizando el desgarro de imagen. Este modo descarta los fotogramas antiguos y muestra solo los más recientes, lo que ayuda a evitar el retardo de entrada y mejora la capacidad de respuesta. Sin embargo, pueden aparecer artefactos debido a que los fotogramas no están sincronizados con la frecuencia de actualización.","Ermöglicht der Grafikkarte, mehr Bilder auszugeben, als der Monitor darstellen kann, und minimiert gleichzeitig Screen Tearing. In diesem Modus werden ältere Bilder verworfen und nur die aktuellsten angezeigt. Dies vermeidet Eingabeverzögerungen und verbessert die Reaktionsfähigkeit. Es kann jedoch zu Artefakten kommen, da die Bilder nicht mit der Bildwiederholfrequenz synchronisiert sind.","Permet à la carte graphique de produire plus d'images que le moniteur ne peut en afficher, tout en minimisant les déchirures d'écran. Ce mode supprime les images les plus anciennes et n'affiche que les plus récentes, ce qui permet d'éviter le décalage d'entrée et d'améliorer la réactivité. Cependant, des artefacts peuvent apparaître, car les images ne sont pas synchronisées avec la fréquence de rafraîchissement.","Permite que a placa gráfica produza mais quadros do que o monitor pode exibir, minimizando o efeito tearing na tela. Este modo descarta quadros mais antigos e exibe apenas os mais recentes, o que ajuda a evitar atrasos de entrada e melhora a capacidade de resposta. No entanto, pode haver alguns artefatos devido à não sincronização dos quadros com a taxa de atualização.","Consente alla scheda grafica di visualizzare più fotogrammi di quanti il ​​monitor possa visualizzare, riducendo al minimo lo screen tearing. Questa modalità elimina i fotogrammi più vecchi e visualizza solo quelli più recenti, contribuendo a evitare l'input lag e migliorando la reattività. Tuttavia, potrebbero verificarsi alcuni artefatti dovuti alla mancata sincronizzazione dei fotogrammi con la frequenza di aggiornamento.","Ekran yırtılmasını en aza indirirken grafik kartının monitörün görüntüleyebileceğinden daha fazla kare çıkarmasına olanak tanır. Bu mod, eski kareleri atarak ve yalnızca en son olanları görüntüleyerek çalışır, bu da giriş gecikmesini önlemeye yardımcı olur ve tepkiyi artırır. Ancak, karelerin yenileme hızıyla senkronize olmaması nedeniyle bazı eserler olabilir.",允许显卡输出超过显示器可显示帧数的帧，同时最大程度地减少画面撕裂。此模式会丢弃较旧的帧，仅显示最新的帧，从而有助于避免输入延迟并提升响应速度。但是，由于帧与刷新率不同步，可能会出现一些伪影。,"Umożliwia karcie graficznej wyprowadzenie większej liczby klatek niż monitor może wyświetlić, minimalizując rozrywanie ekranu. Ten tryb działa poprzez odrzucanie starszych klatek i wyświetlanie tylko najnowszych, co pomaga uniknąć opóźnienia wejściowego i zwiększa responsywność. Mogą jednak występować pewne artefakty z powodu braku synchronizacji klatek z częstotliwością odświeżania.",그래픽 카드가 모니터가 표시할 수 있는 것보다 더 많은 프레임을 출력할 수 있도록 하면서 화면 찢김 현상을 최소화합니다. 이 모드는 오래된 프레임을 삭제하고 가장 최근 프레임만 표시하여 입력 지연을 방지하고 반응성을 향상시킵니다. 하지만 프레임이 화면 주사율과 동기화되지 않아 일부 아티팩트가 발생할 수 있습니다.
OPTIONS_VIDEO_RESOLUTION,Resolution,Разрешение,解決,Resolución,Auflösung,Résolution,Resolução,Risoluzione,Çözünürlük,解决,Rezolucja,해결
OPTIONS_VIDEO_FULLSCREEN,Fullscreen,Полный экран,全画面表示,Pantalla completa,Vollbild,Plein écran,Tela cheia,A schermo intero,Tam ekran,全屏,Pełny ekran,전체 화면
OPTIONS_AUDIO_MASTER,Master volume,Основная громкость,マスターボリューム,Volumen maestro,Master-Lautstärke,Volume principal,Volume mestre,Volume principale,Ana ses seviyesi,主音量,Głośność główna,마스터 볼륨
OPTIONS_AUDIO_MUSIC,Music volume,Громкость музыки,音楽の音量,Volumen de la música,Musiklautstärke,Volume de la musique,Volume da música,Volume della musica,Müzik sesi,音乐音量,Głośność muzyki,음악 볼륨
OPTIONS_AUDIO_SFX,SFX volume,Громкость звуковых эффектов,SFXボリューム,Volumen de efectos de sonido,SFX-Lautstärke,Volume des effets sonores,Volume de efeitos sonoros,Volume degli effetti sonori,SFX hacmi,音效音量,Głośność efektów specjalnych,SFX 볼륨
OPTIONS_GAMEPLAY_SENSETIVITY,Mouse sensetivity,Чувствительность мыши,マウスの感度,Sensibilidad del ratón,Mausempfindlichkeit,Sensibilité de la souris,Sensibilidade do rato,Sensibilità del mouse,Fare duyarlılığı,鼠标灵敏度,Czułość myszy,마우스 민감도
OPTIONS_GAMEPLAY_LANGUAGE,Language,Язык,言語,Idioma,Sprache,Langue,Linguagem,Lingua,Dil,语言,Język,언어
OPTIONS_GAMEPLAY_FPS_COUNTER,FPS counter,Счетчик FPS,FPSカウンター,Contador de FPS,FPS-Zähler,Compteur FPS,Contador de FPS,Contatore FPS,FPS sayacı,FPS计数器,Licznik FPS,FPS 카운터
OPTIONS_BINDINGS_MOVE_UP,Move up,Двигаться вверх,上に移動,Subir,Nach oben,Monter,Subir,Spostarsi verso l'alto,Yukarı hareket et,向上移动,Podnieść,위로 이동
OPTIONS_BINDINGS_MOVE_DOWN,Move down,Двигаться вниз,下に移動,Bajar,Nach unten verschieben,Descendre,Mover para baixo,Spostarsi verso il basso,Aşağı hareket et,下移,Opuszczać,아래로 이동
OPTIONS_BINDINGS_MOVE_LEFT,Move left,Двигаться влево,左に移動,Mover a la izquierda,Nach links bewegen,Déplacer vers la gauche,Mover para a esquerda,Spostati a sinistra,Sola hareket et,向左移动,Przesuń w lewo,왼쪽으로 이동
OPTIONS_BINDINGS_MOVE_RIGHT,Move right,Двигайтесь вправо,右に移動,Muévete a la derecha,Nach rechts bewegen,Déplacez-vous vers la droite,Mover para a direita,Spostati a destra,Sağa hareket et,向右移动,Przesuń w prawo,오른쪽으로 이동
